{"cameraMode":{"drawMode":0,"name":"Shaded","section":"Shading Mode"},"sceneLighting":true,"audioPlay":false,"sceneViewState":{"showFog":true,"showMaterialUpdate":false,"showSkybox":true,"showFlares":true,"showImageEffects":true,"showParticleSystems":true},"in2DMode":false,"pivot":{"x":-0.9384956359863281,"y":13.259998321533204,"z":-24.62238311767578},"rotation":{"x":0.1059589833021164,"y":0.6542497277259827,"z":-0.07079374045133591,"w":0.747265100479126},"size":248.5533447265625,"orthographic":false}