{"cameraMode":{"drawMode":0,"name":"Shaded","section":"Shading Mode"},"sceneLighting":false,"audioPlay":false,"sceneViewState":{"showFog":true,"showMaterialUpdate":false,"showSkybox":true,"showFlares":true,"showImageEffects":true,"showParticleSystems":true},"in2DMode":false,"pivot":{"x":35.11186599731445,"y":-9.462648391723633,"z":-90.38154602050781},"rotation":{"x":0.0924438014626503,"y":0.5475579500198364,"z":-0.06102961674332619,"w":0.8294038772583008},"size":14.502756118774414,"orthographic":false}