{"cameraMode":{"drawMode":0,"name":"Shaded","section":"Shading Mode"},"sceneLighting":false,"audioPlay":false,"sceneViewState":{"showFog":true,"showMaterialUpdate":false,"showSkybox":true,"showFlares":true,"showImageEffects":true,"showParticleSystems":true},"in2DMode":false,"pivot":{"x":2.3765265941619875,"y":1.7940274477005005,"z":-6.563141345977783},"rotation":{"x":0.44323232769966128,"y":0.07132012397050858,"z":-0.03447733819484711,"w":0.8933483958244324},"size":7.555692672729492,"orthographic":false}