{"cameraMode":{"drawMode":0,"name":"Shaded","section":"Shading Mode"},"sceneLighting":false,"audioPlay":false,"sceneViewState":{"showFog":true,"showMaterialUpdate":false,"showSkybox":true,"showFlares":true,"showImageEffects":true,"showParticleSystems":true},"in2DMode":false,"pivot":{"x":127.98046112060547,"y":-59.83747100830078,"z":-120.38619232177735},"rotation":{"x":-0.13214750587940217,"y":-0.8630234003067017,"z":0.2534673511981964,"w":-0.4190483093261719},"size":192.8007049560547,"orthographic":false}