{"cameraMode":{"drawMode":0,"name":"Shaded","section":"Shading Mode"},"sceneLighting":false,"audioPlay":false,"sceneViewState":{"showFog":true,"showMaterialUpdate":false,"showSkybox":true,"showFlares":true,"showImageEffects":true,"showParticleSystems":true},"in2DMode":false,"pivot":{"x":-30.017744064331056,"y":-54.19767761230469,"z":45.1092643737793},"rotation":{"x":-0.31534212827682497,"y":0.024517031386494638,"z":-0.022498376667499543,"w":-0.9497786164283752},"size":177.48605346679688,"orthographic":false}