{"cameraMode":{"drawMode":0,"name":"Shaded","section":"Shading Mode"},"sceneLighting":false,"audioPlay":false,"sceneViewState":{"showFog":true,"showMaterialUpdate":false,"showSkybox":false,"showFlares":true,"showImageEffects":true,"showParticleSystems":true},"in2DMode":false,"pivot":{"x":-0.9385013580322266,"y":13.259998321533204,"z":-24.622390747070314},"rotation":{"x":-0.21757376194000245,"y":-0.018341679126024247,"z":0.00308638415299356,"w":-0.9760442972183228},"size":248.55335998535157,"orthographic":false}