{"cameraMode":{"drawMode":0,"name":"Shaded","section":"Shading Mode"},"sceneLighting":false,"audioPlay":false,"sceneViewState":{"showFog":true,"showMaterialUpdate":false,"showSkybox":true,"showFlares":true,"showImageEffects":true,"showParticleSystems":true},"in2DMode":false,"pivot":{"x":-3.1099205017089845,"y":-14.117380142211914,"z":62.27938461303711},"rotation":{"x":-0.0031348324846476318,"y":0.9919273257255554,"z":-0.03166712448000908,"w":-0.12447235733270645},"size":17.22951316833496,"orthographic":false}