{"cameraMode":{"drawMode":0,"name":"Shaded","section":"Shading Mode"},"sceneLighting":false,"audioPlay":false,"sceneViewState":{"showFog":true,"showMaterialUpdate":false,"showSkybox":true,"showFlares":true,"showImageEffects":true,"showParticleSystems":true},"in2DMode":false,"pivot":{"x":-6.54367733001709,"y":-6.102109909057617,"z":-28.389026641845704},"rotation":{"x":-0.15476857125759126,"y":0.8238767981529236,"z":-0.27142012119293215,"w":-0.47322437167167666},"size":20.005186080932618,"orthographic":false}