{"cameraMode":{"drawMode":0,"name":"Shaded","section":"Shading Mode"},"sceneLighting":false,"audioPlay":false,"sceneViewState":{"showFog":true,"showMaterialUpdate":false,"showSkybox":false,"showFlares":true,"showImageEffects":true,"showParticleSystems":true},"in2DMode":false,"pivot":{"x":0.3999999761581421,"y":2.875999927520752,"z":47.599998474121097},"rotation":{"x":-0.2647130787372589,"y":-0.020739272236824037,"z":0.004772909451276064,"w":-0.9642407298088074},"size":3.347865343093872,"orthographic":false}