{"cameraMode":{"drawMode":0,"name":"Shaded","section":"Shading Mode"},"sceneLighting":false,"audioPlay":false,"sceneViewState":{"showFog":true,"showMaterialUpdate":false,"showSkybox":true,"showFlares":true,"showImageEffects":true,"showParticleSystems":true},"in2DMode":false,"pivot":{"x":-27.383686065673829,"y":-66.55140686035156,"z":174.4890899658203},"rotation":{"x":-0.20415158569812776,"y":-0.045523885637521747,"z":0.00962081365287304,"w":-0.9779312014579773},"size":207.72715759277345,"orthographic":false}