{"cameraMode":{"drawMode":0,"name":"Shaded","section":"Shading Mode"},"sceneLighting":false,"audioPlay":false,"sceneViewState":{"showFog":true,"showMaterialUpdate":false,"showSkybox":true,"showFlares":true,"showImageEffects":true,"showParticleSystems":true},"in2DMode":false,"pivot":{"x":-68.76020050048828,"y":-74.23909759521485,"z":146.21170043945313},"rotation":{"x":-0.23663268983364106,"y":0.08062494546175003,"z":-0.019589893519878389,"w":-0.9681496024131775},"size":207.72715759277345,"orthographic":false}